iter,max_vel_x,acc_lim_x,J
1,0.309763,2.715189,2.306850
2,0.200000,2.000000,5.726610
