iter,max_vel_x,acc_lim_x,J
1,0.309763,2.715189,2.250520
2,0.200000,2.000000,5.680640
3,0.327547,2.705852,2.343410
4,0.200000,3.000000,5.938130
5,0.200000,2.559793,5.858760
6,0.373402,2.810861,2.304890
