iter,max_vel_x,acc_lim_x,J
1,0.309763,2.715189,0.974920
2,0.320553,2.544883,1.134260
3,0.276688,2.807192,1.987310
4,0.217555,2.610589,5.308160
5,0.311114,2.728322,0.887290
6,0.310083,2.726216,1.085120
7,0.337240,2.734674,1.803610
